condition,events,relative_efficiency,cumulative_efficiency
All processed events,100000,1.0,1.0
N(mu) >= 2,78454,0.78454,0.78454
"N(mu: p_T > 10 GeV, |eta| < 2.4) >= 2",47264,0.6024421954266195,0.47264
N(mu: CMS Tight Muon ID) >= 2,32075,0.6786349018280298,0.32075
N(mu: I_rel(Delta R = 0.4) < 0.15) >= 2,14154,0.44127825409197197,0.14154
N(mu+ mu-: q1*q2 < 0) >= 1,14043,0.9921576939381094,0.14043
"N(mu+ mu-: max[p_T(mu1), p_T(mu2)] > 20 GeV) >= 1",13014,0.9267250587481307,0.13014
